{"cameraMode":{"drawMode":0,"name":"Shaded","section":"Shading Mode"},"sceneLighting":true,"audioPlay":false,"sceneViewState":{"m_AlwaysRefresh":false,"showFog":true,"showSkybox":true,"showFlares":false,"showImageEffects":true,"showParticleSystems":true,"showVisualEffectGraphs":false,"m_FxEnabled":true},"in2DMode":false,"pivot":{"x":-9.951128005981446,"y":-24.69292640686035,"z":50.855838775634769},"rotation":{"x":0.24314585328102113,"y":-0.0960262343287468,"z":0.020370610058307649,"w":0.9656299352645874},"size":34.882057189941409,"orthographic":false}