{"cameraMode":{"drawMode":0,"name":"Shaded","section":"Shading Mode"},"sceneLighting":true,"audioPlay":false,"sceneViewState":{"m_AlwaysRefresh":false,"showFog":true,"showSkybox":true,"showFlares":false,"showImageEffects":true,"showParticleSystems":false,"showVisualEffectGraphs":false,"m_FxEnabled":true},"in2DMode":false,"pivot":{"x":0.31888335943222048,"y":-9.145020484924317,"z":33.77247619628906},"rotation":{"x":0.16672906279563905,"y":-0.09818393737077713,"z":0.016594506800174714,"w":0.9811791777610779},"size":20.584131240844728,"orthographic":false}