{"cameraMode":{"drawMode":0,"name":"Shaded","section":"Shading Mode"},"sceneLighting":true,"audioPlay":false,"sceneViewState":{"m_AlwaysRefresh":false,"showFog":true,"showSkybox":false,"showFlares":false,"showImageEffects":true,"showParticleSystems":true,"showVisualEffectGraphs":false,"m_FxEnabled":true},"in2DMode":false,"pivot":{"x":19.512229919433595,"y":17.688444137573243,"z":-14.217995643615723},"rotation":{"x":0.15715831518173219,"y":0.22060194611549378,"z":-0.037963319569826129,"w":0.9623157382011414},"size":0.6728493571281433,"orthographic":false}